variable_investment_cost,battery_capacity,rated_power,total_cost
400,9.782783710947875,12.429660053957353,2505.6211258906933
420,9.42946556095215,12.168981043271872,2524.60937128323
440,9.333121774957508,11.84460542354445,2543.382725644277
