variable_investment_cost,battery_capacity,rated_power,total_cost
300,10.0,12.520251031084449,2405.6656381770363
400,9.782783710947875,12.429660053957353,2505.6211258906933
440,9.333121774957508,11.84460542354445,2543.382725644277
445,9.333121774957508,11.84460542354445,2548.049286531757
450,9.319137511253903,11.79752242635415,2552.710560880853
452,9.315689569674614,11.785913704784635,2554.573743821501
453,0.0,7.459982968717335,2555.3487231147446
456,0.0,7.459982968717335,2555.3487231147456
470,0.0,7.459982968717335,2555.348723114745
